3039154799.0,390.0,160.0,0.2909090909090909,0.0,1.0,human
390617262.0,391.0,286.0,0.4224519940915805,0.2,1.65,bot
4611389296.0,194.0,205.0,0.5137844611528822,0.2,0.45,human
7.34396807745286e+17,396.0,200.0,0.33557046979865773,0.15,0.8,human
1.01097832456964e+18,23.0,10.0,0.30303030303030304,0.0,2.5,bot
1.01244778050433e+18,1106.0,341.0,0.23565998617829992,0.06666666666666667,0.9333333333333333,human
1.01225826577272e+18,21.0,11.0,0.34375,0.0,1.8421052631578947,bot
968196446.0,272.0,141.0,0.3414043583535109,0.0,1.15,human
1.01204988794746e+18,1.0,2.0,0.6666666666666666,0.0,1.0,bot
1.01199529962206e+18,53.0,13.0,0.19696969696969696,0.05555555555555555,1.3888888888888888,human
2890342662.0,236.0,647.0,0.7327293318233296,0.05263157894736842,1.2105263157894737,human
7.20666928055001e+17,16.0,26.0,0.6190476190476191,0.06666666666666667,0.9333333333333333,bot
1.01096862086697e+18,5.0,11.0,0.6875,0.05555555555555555,1.2222222222222223,bot
1704716070.0,464.0,136.0,0.22666666666666666,0.10526315789473684,0.8947368421052632,human
1.0106102477891e+18,420.0,224.0,0.34782608695652173,0.16666666666666666,1.4444444444444444,bot
1154282738.0,886.0,345.0,0.2802599512591389,0.0,1.45,bot
1.01207014271977e+18,3.0,16.0,0.8421052631578947,0.0,1.4285714285714286,bot
8.83611156228825e+17,975.0,772.0,0.4419004006868918,0.06666666666666667,0.8666666666666667,human
1.01118910592378e+18,39.0,56.0,0.5894736842105263,0.0,2.6666666666666665,bot
1.01208931279451e+18,48.0,20.0,0.29411764705882354,0.05263157894736842,1.263157894736842,human
1.01123857539917e+18,20.0,11.0,0.3548387096774194,0.0,1.45,human
406457303.0,2114.0,1821.0,0.4627700127064803,0.05,1.85,human
9.59255458774122e+17,0.0,93.0,1.0,0.0,1.1538461538461537,human
4655510439.0,441.0,193.0,0.30441640378548895,0.05,1.95,human
3119392109.0,1498.0,1299.0,0.4644261708973901,0.05555555555555555,0.9444444444444444,human
1.01088240032543e+18,41.0,18.0,0.3050847457627119,0.0,1.1,human
1.01060569560196e+18,2.0,7.0,0.7777777777777778,0.0,1.9,bot
8.09795080429142e+17,16.0,16.0,0.5,0.1,1.05,bot
1357959324.0,504.0,490.0,0.49295774647887325,0.0,0.95,bot
1.01213207107311e+18,83.0,53.0,0.3897058823529412,0.0,1.631578947368421,bot
9.7570378347595e+17,235.0,192.0,0.4496487119437939,0.0,1.3157894736842106,bot
1.00187362750623e+18,97.0,33.0,0.25384615384615383,0.05263157894736842,1.1578947368421053,human
327555341.0,53.0,18.0,0.2535211267605634,0.25,2.5,bot
1.00514632752371e+18,223.0,622.0,0.736094674556213,0.1,0.25,human
1.01260763702698e+18,564.0,212.0,0.27319587628865977,0.1,3.05,bot
630459182.0,10.0,6.0,0.375,0.10526315789473684,1.1578947368421053,human
8.83724976158888e+17,219.0,4.0,0.017937219730941704,0.05,1.6,bot
3007724008.0,1199.0,576.0,0.3245070422535211,0.25,1.95,bot
9.1618727513389e+17,231.0,103.0,0.3083832335329341,0.16666666666666666,1.7222222222222223,bot
4034721759.0,7.0,13.0,0.65,0.15789473684210525,1.6842105263157894,bot
1459595030.0,26.0,21.0,0.44680851063829785,0.0,1.1,bot
585091018.0,449.0,460.0,0.506050605060506,0.05,1.1,human
391505537.0,169.0,20.0,0.10582010582010581,0.1,1.45,human
8.3449019295429e+17,773.0,592.0,0.4336996336996337,0.0,0.8947368421052632,bot
2363684405.0,922.0,296.0,0.24302134646962234,0.25,0.85,human
4082476475.0,23.0,19.0,0.4523809523809524,0.0,1.0,human
2982392825.0,118.0,446.0,0.7907801418439716,0.4,1.6,bot
1063319761.0,1771.0,388.0,0.17971283001389532,0.05,2.1,human
2918674683.0,345.0,265.0,0.4344262295081967,0.2,1.65,bot
7.28183118457385e+17,93088.0,100685.0,0.519602834244193,0.05,2.15,bot
1698808080.0,404.0,301.0,0.4269503546099291,0.15,1.75,bot
1.00035112838987e+18,595.0,258.0,0.30246189917936694,0.15789473684210525,1.105263157894737,human
9.01802279623418e+17,148.0,165.0,0.5271565495207667,0.2,1.2,human
9.81636477292565e+17,612.0,495.0,0.44715447154471544,0.1,1.5,bot
2298056467.0,370.0,297.0,0.4452773613193403,0.1,0.85,human
585560662.0,152.0,14.0,0.08433734939759036,0.0,1.0,human
550410719.0,436.0,467.0,0.5171650055370985,0.4,2.25,bot
8.19902175619023e+17,565.0,314.0,0.3572241183162685,0.05,0.8,human
329134629.0,2812.0,669.0,0.1921861534041942,0.0,0.0,bot
8.68185435293585e+17,273.0,362.0,0.5700787401574803,0.05263157894736842,1.4210526315789473,human
1202102875.0,494.0,4003.0,0.8901489882143652,0.15,1.4,human
125072714.0,267.0,215.0,0.4460580912863071,0.15,1.95,bot
202212121.0,1123.0,493.0,0.30507425742574257,0.25,1.8,bot
1244391379.0,101.0,51.0,0.3355263157894737,0.6,1.0,human
3291561425.0,376.0,278.0,0.42507645259938837,0.4,1.3,bot
8.24903248599355e+17,21.0,2460.0,0.9915356711003628,0.058823529411764705,2.4705882352941178,bot
8.2538036222643e+17,90.0,755.0,0.893491124260355,0.058823529411764705,2.5294117647058822,bot
1.0120635186597e+18,570.0,1418.0,0.7132796780684104,0.0,1.05,human
830683244.0,248.0,217.0,0.4666666666666667,0.55,0.9,human
4352856142.0,86.0,173.0,0.667953667953668,0.0,0.15789473684210525,human
8.67072457215279e+17,77.0,127.0,0.6225490196078431,0.0,1.4736842105263157,human
8.3191410450799e+17,24.0,25.0,0.5102040816326531,0.4,2.35,bot
1006066460.0,277.0,2842.0,0.9111894838089131,0.1111111111111111,2.611111111111111,bot
8.68401085802852e+17,284.0,207.0,0.4215885947046843,0.0,1.375,bot
425943636.0,49.0,9.0,0.15517241379310345,0.15,2.0,human
2579632449.0,42.0,84.0,0.6666666666666666,0.15,1.3,human
9.7058317434984e+17,1249.0,691.0,0.3561855670103093,0.0,1.25,human
4836438088.0,33.0,27.0,0.45,0.05,0.55,human
202305873.0,203.0,178315.0,0.9988628597676424,0.15,1.55,bot
9.71374169781883e+17,525.0,72.0,0.12060301507537688,0.05,1.3,human
1244668758.0,377.0,59.0,0.1353211009174312,0.3,1.3,human
1086442256.0,472.0,915.0,0.6596971881759193,0.25,2.5,human
7.3221239765461e+17,67.0,205.0,0.7536764705882353,0.4,2.3,bot
1123481.0,26.0,46.0,0.6388888888888888,0.05,0.85,human
606417584.0,1636.0,521.0,0.24153917477978673,0.15,0.8,human
3500831.0,999.0,2367.0,0.7032085561497327,0.35,1.05,human
3070640794.0,46.0,10.0,0.17857142857142858,0.1,1.9,bot
306412249.0,2450.0,2063.0,0.4571238643917572,0.15,0.8,human
8.27909004923802e+17,33115.0,79903.0,0.706993576244492,0.1,3.0,bot
595356862.0,1631.0,1964.0,0.5463143254520166,0.4,0.85,human
625712362.0,626.0,310.0,0.3311965811965812,0.8,0.35,human
3407591541.0,1730.0,1106.0,0.3899858956276446,0.0,3.35,bot
8.31165187994575e+17,462.0,186.0,0.28703703703703703,0.05,1.9,bot
2918691515.0,316.0,385.0,0.5492154065620543,0.1,1.95,bot
2837970855.0,1799.0,2461.0,0.577699530516432,0.2,1.15,bot
8.55102334875173e+17,52.0,139.0,0.7277486910994765,0.8,1.05,bot
2992407304.0,574.0,289.0,0.3348783314020857,0.8,0.2,human
9.96455315796263e+17,432.0,323.0,0.4278145695364238,0.2,1.2,bot
461015426.0,1931.0,4704.0,0.7089675960813866,0.1,2.5,bot
2323994683.0,1.0,1.0,0.5,0.2,2.3,bot
2896312810.0,18924.0,18890.0,0.49955043105728036,0.15,1.2,bot
177548621.0,27.0,28.0,0.509090909090909,0.05,0.95,human
7.28911567589364e+17,746.0,1134.0,0.6031914893617021,0.15,1.35,human
2968800676.0,684.0,492.0,0.41836734693877553,0.0,1.05,human
2217834630.0,427.0,347.0,0.4483204134366925,0.05,1.0,human
8.45712063251055e+17,1402.0,286.0,0.16943127962085308,0.15,1.35,human
2982506153.0,937.0,469.0,0.3335704125177809,0.1,1.95,bot
8.39937500101628e+17,199.0,227.0,0.5328638497652582,0.631578947368421,1.7894736842105263,bot
2799576867.0,932.0,1680.0,0.6431852986217458,0.0,1.2,human
1.00985948121434e+18,199.0,33.0,0.14224137931034483,0.3684210526315789,1.105263157894737,human
9.74981520984347e+17,158.0,219.0,0.5809018567639257,0.0,2.8,bot
9.79300010843169e+17,304.0,106.0,0.25853658536585367,0.058823529411764705,1.6470588235294117,bot
231999899.0,1546.0,389.0,0.20103359173126614,0.1,1.15,bot
1362279283.0,41.0,17.0,0.29310344827586204,0.45,1.0,human
4826949964.0,172.0,43.0,0.2,0.05263157894736842,3.3684210526315788,bot
2560586103.0,67.0,12.0,0.1518987341772152,0.0,1.05,human
8.55136163849482e+17,169.0,897.0,0.8414634146341463,0.15789473684210525,1.263157894736842,bot
523625151.0,575.0,421.0,0.4226907630522088,0.35,1.95,human
932924905.0,651.0,334.0,0.33908629441624366,0.2,1.7,bot
486025962.0,1527.0,291.0,0.16006600660066006,0.25,0.8,human
2269447992.0,100.0,59.0,0.3710691823899371,0.1,1.0,bot
327555253.0,2178.0,820.0,0.2735156771180787,0.16666666666666666,2.2222222222222223,bot
1.00269109582906e+18,16.0,79.0,0.8315789473684211,0.0,0.65,bot
548662037.0,183.0,375.0,0.6720430107526881,0.2,2.4,bot
7.65890238946443e+17,495.0,427.0,0.4631236442516269,0.1,1.1,human
8.25395422147523e+17,812.0,740.0,0.47680412371134023,0.3,3.85,bot
4353158674.0,5686.0,7035.0,0.5530225611194088,0.25,1.25,human
9.89748219776127e+17,843.0,958.0,0.5319267073847862,0.2222222222222222,1.3333333333333333,human
9.05405149614625e+17,188.0,198.0,0.5129533678756477,0.25,4.1,bot
966343682.0,527.0,342.0,0.39355581127733025,0.45,2.75,bot
603005791.0,573.0,689.0,0.5459587955625991,0.0,1.05,human
2939550185.0,218.0,229.0,0.5123042505592841,0.25,1.3,human
1109829834.0,50.0,249.0,0.8327759197324415,0.1,1.05,human
9.74977242165055e+17,436.0,127.0,0.2255772646536412,0.1,1.15,human
8.40552254851678e+17,640.0,630.0,0.49606299212598426,0.0,0.35,bot
2199622261.0,1249.0,709.0,0.3621041879468846,0.55,1.15,human
424907383.0,226.0,461.0,0.6710334788937409,0.15,1.05,human
9.77928174582616e+17,1760.0,5926.0,0.7710122300286235,0.3,1.85,human
327674514.0,379.0,444.0,0.5394896719319563,0.05555555555555555,2.2777777777777777,bot
1331398375.0,191.0,51.0,0.21074380165289255,0.15,1.05,human
333431378.0,1.0,171.0,0.9941860465116279,0.0,1.1,human
8.25698658695905e+17,157.0,245.0,0.6094527363184079,0.05,3.35,bot
554539740.0,1741.0,3765.0,0.6837994914638577,0.1,1.95,bot
9.89116382611755e+17,2758.0,4820.0,0.6360517286883083,0.16666666666666666,0.9444444444444444,human
7.29045489665053e+17,55.0,212.0,0.7940074906367042,0.5263157894736842,0.6842105263157895,human
1.0119563125808e+18,1096.0,364.0,0.2493150684931507,0.0,1.0526315789473684,bot
2211763337.0,800.0,579.0,0.41986947063089197,0.3,2.05,bot
7.82534791975563e+17,4920.0,507.0,0.09342177998894417,0.3684210526315789,1.9473684210526316,human
2797764234.0,844.0,303.0,0.26416739319965127,0.4,2.2,bot
2339156160.0,456.0,152.0,0.25,0.0,0.95,bot
1.0119873665826e+18,323.0,411.0,0.5599455040871935,0.0,1.5263157894736843,bot
2349112225.0,6.0,10.0,0.625,0.2,2.05,bot
7.55328987795165e+17,602.0,378.0,0.38571428571428573,0.55,1.5,human
2998480923.0,58.0,23.0,0.2839506172839506,0.3,1.55,bot
9.26532287675732e+17,606.0,430.0,0.41505791505791506,0.0,1.0,bot
2998555053.0,187.0,240.0,0.5620608899297423,0.35,1.55,bot
2982782446.0,146.0,496.0,0.7725856697819314,0.4,1.6,bot
448110696.0,1189.0,1390.0,0.5389685924777046,0.2,2.0,bot
2982546107.0,264.0,629.0,0.7043673012318029,0.2222222222222222,4.444444444444445,bot
9.11509904795546e+17,40.0,16.0,0.2857142857142857,0.05,2.3,human
7.04820933027045e+17,112.0,55.0,0.32934131736526945,0.1,1.2,human
700244333.0,1044.0,708.0,0.4041095890410959,0.0,1.0,human
8.2600057565755e+17,2440.0,301.0,0.10981393651951843,0.05,2.5,bot
9.50998000742142e+17,59.0,157.0,0.7268518518518519,0.05263157894736842,0.9473684210526315,human
276497372.0,154.0,6.0,0.0375,0.35,1.85,human
2982795550.0,69.0,144.0,0.676056338028169,0.2,1.65,bot
991332558.0,372.0,287.0,0.4355083459787557,0.4,1.6,human
2976241827.0,501.0,415.0,0.45305676855895194,0.05263157894736842,1.3157894736842106,human
489519253.0,0.0,500.0,1.0,0.1,1.15,human
3092010165.0,23.0,5.0,0.17857142857142858,0.0,1.1,human
3290568658.0,731.0,505.0,0.4085760517799353,0.10526315789473684,1.2105263157894737,bot
2982443524.0,1365.0,291.0,0.17572463768115942,0.3,1.8,bot
3224618207.0,533.0,256.0,0.3244613434727503,0.15,1.1,human
573568763.0,774.0,386.0,0.33275862068965517,0.05263157894736842,1.368421052631579,human
8.38435964922053e+17,394.0,1002.0,0.7177650429799427,0.1,1.3,bot
2419259186.0,387.0,310.0,0.4447632711621234,0.05,0.85,human
3122007425.0,262.0,184.0,0.4125560538116592,0.05,1.0,human
1571230602.0,1055.0,169.0,0.1380718954248366,0.05,1.25,human
202206667.0,764.0,541.0,0.41455938697318007,0.05,3.45,bot
2930775934.0,429.0,268.0,0.38450502152080346,0.21428571428571427,1.4285714285714286,bot
8.125900990242e+17,673.0,266.0,0.2832800851970181,0.2,1.4,human
560954476.0,199.0,186.0,0.4831168831168831,0.15,2.05,bot
423240463.0,787.0,449.0,0.36326860841423947,0.15,2.6,bot
2385911950.0,2151.0,2202.0,0.5058580289455548,0.1,2.9,human
7.97499926594908e+17,1.0,28.0,0.9655172413793104,0.1,0.75,human
9.2634894468642e+17,858.0,815.0,0.4871488344291692,0.15,1.2,human
1.01172327305755e+18,474.0,165.0,0.25821596244131456,0.0,0.8421052631578947,human
1.01197526791558e+18,723.0,523.0,0.41974317817014445,0.0,1.5714285714285714,bot
1.01213818757618e+18,456.0,383.0,0.4564958283671037,0.05263157894736842,1.0,human
534504035.0,4763.0,1146.0,0.19394144525300389,0.1,1.25,human
9.86192376241771e+17,286.0,75.0,0.2077562326869806,0.0,1.0,human
1.01230256266041e+18,1048.0,932.0,0.4707070707070707,0.0,2.5789473684210527,bot
7.26108618051998e+17,736.0,523.0,0.41540905480540113,0.21052631578947367,1.1578947368421053,human
2989418577.0,696.0,716.0,0.5070821529745042,0.25,2.4,bot
9.72790109325099e+17,210.0,21.0,0.09090909090909091,0.2,1.3,human
814176367.0,758.0,868.0,0.5338253382533825,0.05,1.7,bot
1.01171696349891e+18,1088.0,1704.0,0.6103151862464183,0.10526315789473684,2.736842105263158,human
8.93832219873206e+17,518.0,281.0,0.35168961201501875,0.0,5.2631578947368425,bot
8.83056345200636e+17,2.0,0.0,0.0,0.1875,1.0625,human
9.50483930003771e+17,79.0,20.0,0.20202020202020202,0.3,2.05,bot
7.52099077756686e+17,118.0,103.0,0.4660633484162896,0.0,1.4,human
8.31785890552877e+17,1434.0,1643.0,0.533961650958726,0.25,1.1,bot
2376525880.0,847.0,221.0,0.20692883895131087,0.0,1.0,bot
2704478260.0,8.0,15.0,0.6521739130434783,0.05,1.65,bot
278767989.0,1350.0,554.0,0.29096638655462187,1.0,1.5,human
3138084547.0,190.0,260.0,0.5777777777777777,0.0,1.0,human
1122716048.0,246.0,157.0,0.38957816377171217,0.25,1.25,human
1337678305.0,466.0,357.0,0.43377885783718106,1.25,0.85,bot
761376188.0,1153.0,410.0,0.26231605886116444,0.05,0.7,human
1198843740.0,5.0,14.0,0.7368421052631579,0.2,1.05,human
2364628874.0,2276.0,1333.0,0.36935439179828206,0.3,0.95,human
1714082910.0,37.0,41.0,0.5256410256410257,0.05,1.15,human
8.30818718703837e+17,47.0,39.0,0.45348837209302323,0.15789473684210525,2.3157894736842106,bot
2982526985.0,1206.0,563.0,0.3182589033352176,0.10526315789473684,3.0526315789473686,bot
1449933242.0,58.0,75.0,0.5639097744360902,0.3,1.0,human
1.01311835792578e+18,9466.0,8657.0,0.4776802957567732,0.05,1.15,human
7.41328501094121e+17,139.0,266.0,0.6567901234567901,0.0,0.65,human
1260617916.0,4997.0,436.0,0.08025032210565065,0.45,1.55,human
2367002093.0,556.0,829.0,0.5985559566787003,0.1,1.25,human
2976226983.0,973.0,302.0,0.23686274509803923,0.25,1.15,human
561125828.0,2458.0,25966.0,0.9135237827188292,0.2,1.4,bot
494889421.0,1292.0,2059.0,0.6144434497165026,0.3,1.05,human
2905469547.0,268.0,176.0,0.3963963963963964,0.0,0.65,human
1.01233242329048e+18,361.0,123.0,0.25413223140495866,0.05555555555555555,1.5,human
55404019.0,168.0,163.0,0.49244712990936557,0.7,0.9,human
554630722.0,255.0,159.0,0.38405797101449274,0.05,3.1,bot
1006016766.0,1188.0,621.0,0.34328358208955223,0.05,3.35,bot
271466783.0,2679.0,816.0,0.2334763948497854,0.05,0.45,human
7.81523989793497e+17,21.0,30.0,0.5882352941176471,0.0,1.2105263157894737,bot
2772451794.0,1014.0,242.0,0.1926751592356688,0.05555555555555555,3.0,bot
421858976.0,2320.0,1766.0,0.4322075379344102,0.1,0.9,human
9.2326587944976e+17,1438.0,1188.0,0.4523990860624524,0.0,1.2,human
9.5124198085983e+17,4286.0,4583.0,0.5167437140602097,0.0,1.45,human
8.36505264706716e+17,205.0,532.0,0.7218453188602443,0.1,0.9,human
9.72313916578714e+17,704.0,618.0,0.46747352496217853,0.05263157894736842,2.9473684210526314,bot
3825988815.0,388.0,102.0,0.20816326530612245,0.15789473684210525,1.263157894736842,human
8.34243806899868e+17,441.0,262.0,0.37268847795163584,0.2,2.35,bot
9.48982405838397e+17,601.0,911.0,0.6025132275132276,0.05263157894736842,3.0,bot
1183194624.0,24.0,70.0,0.7446808510638298,0.2,1.1,bot
2998556339.0,969.0,92845.0,0.9896710512290277,0.25,2.2,bot
503680418.0,799.0,765.0,0.4891304347826087,0.25,2.5,bot
132962832.0,1320.0,712.0,0.35039370078740156,0.3,1.25,human
456210073.0,1075.0,2763.0,0.7199062011464304,0.058823529411764705,3.235294117647059,bot
1268082668.0,275.0,230.0,0.45544554455445546,0.05263157894736842,1.105263157894737,human
922839841.0,1147.0,681.0,0.3725382932166302,0.25,0.85,bot
250624869.0,3303.0,1659.0,0.3343409915356711,0.05,1.1,human
9.71039774726378e+17,256.0,68.0,0.20987654320987653,0.2,1.05,human
595846370.0,233.0,72.0,0.2360655737704918,0.25,1.65,bot
2985794427.0,316.0,876.0,0.7348993288590604,0.45,1.5,bot
468385317.0,15.0,17.0,0.53125,0.25,1.5,bot
2949953224.0,311.0,352.0,0.530920060331825,0.0,1.65,human
7.61296330903917e+17,115.0,70.0,0.3783783783783784,0.0,1.0,human
1.00002943823345e+18,9.0,42.0,0.8235294117647058,0.3684210526315789,1.0526315789473684,human
7.17335652791108e+17,505.0,264.0,0.3433029908972692,0.2,1.25,human
1.00693849881181e+18,50.0,121.0,0.7076023391812866,0.1,1.05,human
524420458.0,1491.0,1159.0,0.43735849056603776,0.35,2.1,bot
1.01211015555357e+18,639.0,249.0,0.28040540540540543,0.0,2.3125,bot
1.01163235541984e+18,456.0,292.0,0.39037433155080214,0.05263157894736842,2.6315789473684212,bot
548914113.0,1581.0,858.0,0.35178351783517836,0.35,2.4,bot
9.63823970507215e+17,1530.0,1547.0,0.5027624309392266,0.7,1.5,bot
2996584924.0,403.0,397.0,0.49625,0.2,1.65,bot
9.93286910650016e+17,54.0,34.0,0.38636363636363635,0.29411764705882354,1.5294117647058822,human
8.25402582579413e+17,911.0,586.0,0.3914495657982632,0.0,3.1,bot
2996521607.0,611.0,338.0,0.3561643835616438,0.15,1.0,human
2535033852.0,145.0,287.0,0.6643518518518519,0.0,1.0,bot
2862813495.0,322.0,121.0,0.27313769751693,0.07692307692307693,1.1538461538461537,human
9.42158304725295e+17,676.0,743.0,0.5236081747709654,0.1,1.35,bot
8.348890753374e+17,39.0,10.0,0.20408163265306123,0.1,1.75,bot
2919429628.0,653.0,466.0,0.4164432529043789,0.5789473684210527,1.736842105263158,bot
1.01133485796693e+18,178.0,179.0,0.5014005602240896,0.0,1.4444444444444444,human
1924501530.0,1150.0,951.0,0.45264159923845787,0.15,1.65,bot
560604863.0,14.0,12.0,0.46153846153846156,0.0,2.0,bot
3017654309.0,6.0,17.0,0.7391304347826086,0.0,2.65,bot
1.00316046454351e+18,475.0,434.0,0.47744774477447743,0.06666666666666667,2.466666666666667,human
2729708935.0,56.0,13.0,0.18840579710144928,0.0,1.15,human
866147862.0,410.0,289.0,0.413447782546495,0.05,1.15,human
549384602.0,48.0,114.0,0.7037037037037037,0.15,1.1,bot
9.87694134529053e+17,220.0,208.0,0.48598130841121495,0.0,1.0,bot
4839898869.0,0.0,37.0,1.0,0.0,0.9473684210526315,human
1.01191364154801e+18,1551.0,9922.0,0.8648130393096836,0.0,0.95,human
53002473.0,184.0,59.0,0.24279835390946503,0.65,3.0,human
2413775282.0,99.0,0.0,0.0,0.1,0.9,human
3031331457.0,330.0,210.0,0.3888888888888889,0.1,0.9,human
561480213.0,230.0,147.0,0.38992042440318303,0.1,0.9,human
1301400318.0,6.0,26.0,0.8125,0.0,1.2,human
549173992.0,32769.0,40105.0,0.5503334522600654,0.2,1.65,bot
3102059566.0,1665.0,790.0,0.32179226069246436,0.05263157894736842,2.8947368421052633,bot
197284836.0,50.0,0.0,0.0,0.6,1.05,human
1050774624.0,703.0,309.0,0.30533596837944665,0.45,0.95,human
8.76795381841101e+17,53.0,27.0,0.3375,0.5,0.15,bot
1.00556888609855e+18,1883.0,1411.0,0.428354584092289,0.3,0.65,human
9.44701467839095e+17,8162.0,14630.0,0.6418918918918919,0.4444444444444444,1.7777777777777777,bot
3102658995.0,88.0,439.0,0.8330170777988615,0.1,1.15,human
2363390223.0,20.0,19.0,0.48717948717948717,0.2,1.1,human
9.10893710308725e+17,219.0,66.0,0.23157894736842105,0.10526315789473684,1.0526315789473684,human
8.50371251277353e+17,68.0,64.0,0.48484848484848486,0.15,1.5,human
9.23565203253579e+17,358.0,5180.0,0.9353557240881184,0.0,2.65,bot
1069206085.0,3390.0,1915.0,0.3609802073515551,0.058823529411764705,1.4705882352941178,human
326826176.0,3916.0,1468.0,0.2726597325408618,0.25,1.3,human
968459856.0,1000.0,1634.0,0.6203492786636294,0.15,1.2,human
2950692315.0,337.0,669.0,0.6650099403578529,0.0,3.1578947368421053,bot
9.3224321027713e+17,436.0,321.0,0.4240422721268164,0.0,3.1,bot
437486455.0,4.0,104.0,0.9629629629629629,0.15,1.35,human
627733507.0,1558.0,2346.0,0.600922131147541,0.05,1.5,bot
8.56380782847423e+17,1445.0,338734.0,0.9957522363226419,0.4,1.0,human
3107788774.0,189.0,412.0,0.6855241264559068,0.0,2.95,bot
847497841.0,558.0,474.0,0.45930232558139533,0.05,2.2,human
412155718.0,292.0,121.0,0.2929782082324455,0.15,1.1,human
136653194.0,304.0,42.0,0.12138728323699421,0.4,1.55,human
133460400.0,661.0,256.0,0.2791712104689204,0.2,1.05,human
7.53659579582542e+17,101.0,157.0,0.6085271317829457,0.05,2.05,bot
186977143.0,2186.0,539.0,0.19779816513761467,0.3,0.75,human
58165167.0,38.0,19.0,0.3333333333333333,0.05,1.05,bot
2984109993.0,659.0,1015.0,0.6063321385902031,0.35,1.25,bot
856884030.0,458.0,212.0,0.3164179104477612,0.05,1.2,human
299365630.0,579.0,149.0,0.20467032967032966,0.25,1.45,human
769392715.0,892.0,495.0,0.3568853640951694,0.05,0.85,human
9.63118390876492e+17,25.0,44.0,0.6376811594202898,0.0,1.15,bot
9.9032441284189e+17,474.0,331.0,0.4111801242236025,0.1,1.9,bot
422924590.0,22.0,258.0,0.9214285714285714,0.1,1.2,bot
8.2216213286316e+17,1226.0,628.0,0.33872707659115425,0.05263157894736842,1.736842105263158,bot
7.57515891403788e+17,611.0,290.0,0.3218645948945616,0.1,3.1,human
2264615275.0,1292.0,1313.0,0.5040307101727447,0.0,0.75,human
7.84806259052667e+17,2277.0,363.0,0.1375,0.0,2.6842105263157894,bot
7.88038456274522e+17,344.0,176.0,0.3384615384615385,0.0,2.75,bot
8.26008852567032e+17,1799.0,1867.0,0.5092744135297327,0.05,2.55,bot
434217283.0,352.0,248.0,0.41333333333333333,0.15,0.9,human
415107191.0,1182.0,6156.0,0.83892068683565,0.45,1.0,human
9.69646849228526e+17,1790.0,654.0,0.26759410801963995,0.0,1.1,bot
2918732806.0,469.0,233.0,0.3319088319088319,0.2,2.1,bot
548764543.0,259.0,287.0,0.5256410256410257,0.2777777777777778,1.8888888888888888,bot
8.25700436766314e+17,3342.0,1388.0,0.293446088794926,0.47368421052631576,1.9473684210526316,bot
1.006252077537e+18,567.0,5308.0,0.9034893617021277,0.4,1.05,human
8.16718293142741e+17,416.0,411.0,0.4969770253929867,0.4,1.6,human
902535078.0,662.0,41.0,0.05832147937411095,0.0,1.3,human
2920996798.0,998.0,701.0,0.4125956444967628,0.2631578947368421,1.736842105263158,bot
396024657.0,404.0,242.0,0.3746130030959752,0.15789473684210525,2.0,bot
1064261450.0,235.0,329.0,0.5833333333333334,0.5,1.35,human
504476597.0,6369.0,8355.0,0.5674409127954361,0.35,1.2,human
8.2573136217915e+17,140.0,142.0,0.5035460992907801,0.05,2.4,bot
8.26850430185591e+17,117.0,165.0,0.5851063829787234,0.05,3.0,bot
2949925353.0,530.0,270.0,0.3375,0.25,2.25,bot
2780612193.0,632.0,1541.0,0.7091578462954441,0.2,0.7,bot
1.01192311061712e+18,725.0,641.0,0.46925329428989754,0.35714285714285715,1.4285714285714286,human
422947897.0,16.0,5.0,0.23809523809523808,0.2,2.15,bot
1.01195281167483e+18,392.0,274.0,0.4114114114114114,0.15,0.8,bot
7.59150086756589e+17,723.0,703.0,0.49298737727910236,0.0,0.5,bot
702878730.0,0.0,316.0,1.0,0.0,0.95,human
8.22123492216898e+17,885.0,596.0,0.4024307900067522,0.15,1.25,bot
2982486513.0,153.0,222.0,0.592,0.058823529411764705,2.5294117647058822,bot
4701456854.0,389.0,126.0,0.2446601941747573,0.05,2.1,human
51703470.0,827.0,231.0,0.21833648393194707,0.15,0.95,human
8.04074275376431e+17,836.0,600.0,0.4178272980501393,0.25,1.65,bot
2918711542.0,1094.0,1569.0,0.5891851295531355,0.1,2.05,bot
8.08272326324343e+17,621.0,136.0,0.17965653896961692,0.3,1.8,human
8.98599853546242e+17,536.0,282.0,0.34474327628361856,0.15,0.95,human
2920497934.0,417.0,184.0,0.30615640599001664,0.1,1.65,bot
358795296.0,52.0,138.0,0.7263157894736842,0.75,0.75,human
1.01214784849687e+18,3827.0,8010.0,0.6766917293233082,0.1,1.85,bot
1.01194033338984e+18,97.0,75.0,0.436046511627907,0.0,2.0,bot
8.97538992345928e+17,489.0,568.0,0.5373699148533586,0.3,1.8,bot
9.79117618295656e+17,120.0,78.0,0.3939393939393939,0.17647058823529413,2.2941176470588234,bot
9.95292937662665e+17,1.0,7.0,0.875,0.1,1.05,human
2672479163.0,36.0,170.0,0.8252427184466019,0.1,1.05,human
785397318.0,202.0,139.0,0.40762463343108507,0.75,0.8,human
518642028.0,64.0,147.0,0.6966824644549763,0.05,1.7,bot
135547288.0,93.0,62.0,0.4,0.05,1.25,human
8.73916630828495e+17,85.0,74.0,0.46540880503144655,0.35,0.35,bot
2985880540.0,569.0,242.0,0.29839704069050554,0.1,1.9,bot
193317159.0,413.0,319.0,0.43579234972677594,0.15,1.1,human
9.79783776489353e+17,886.0,5412.0,0.8593204191806922,0.0,1.35,human
1.01229589271875e+18,1159.0,3708.0,0.7618656256420793,0.0,0.9473684210526315,human
1.01229439652671e+18,973.0,323.0,0.2492283950617284,0.15,1.4,human
2767540864.0,1473.0,7048.0,0.8271329656143646,0.06666666666666667,1.6666666666666667,human
25851958.0,660.0,543.0,0.4513715710723192,0.2,0.95,human
8.25436422609969e+17,12.0,6.0,0.3333333333333333,0.05,2.45,bot
8.31161868614005e+17,0.0,4.0,1.0,0.05,2.1,bot
202339780.0,121.0,100.0,0.45248868778280543,0.2,2.7,bot
438798142.0,1091.0,60.0,0.052128583840139006,0.1,1.0,human
1064122518.0,31.0,16.0,0.3404255319148936,0.0,1.0,human
8.35202996585788e+17,108.0,82.0,0.43157894736842106,0.0,2.6315789473684212,bot
9.94684151046525e+17,4960.0,3110.0,0.3853779429987608,0.05,1.15,human
4297819397.0,139.0,145.0,0.5105633802816901,0.0,0.7,human
7.0331572876673e+17,1122.0,1172.0,0.5108979947689625,0.0,1.0,human
302125749.0,4162.0,2511.0,0.3762925221040012,0.4,0.5,bot
184810052.0,242.0,260.0,0.5179282868525896,0.2,0.5,bot
165051584.0,484.0,170.0,0.2599388379204893,0.45,0.55,human
3035505075.0,906.0,889.0,0.49526462395543175,0.05263157894736842,0.9473684210526315,bot
3489637217.0,32.0,49.0,0.6049382716049383,0.0,0.9,bot
893090869.0,15.0,18.0,0.5454545454545454,0.05263157894736842,0.6842105263157895,bot
9.40196016409731e+17,564.0,437.0,0.43656343656343655,0.35,1.0,human
3304132186.0,409.0,1385.0,0.7720178372352285,0.2,3.9,bot
45394510.0,552.0,284.0,0.3397129186602871,0.4,1.95,human
502749635.0,661.0,296.0,0.30929989550679204,0.2,1.9,human
2962604531.0,763.0,565.0,0.4254518072289157,0.15,1.05,human
2237617592.0,851.0,928.0,0.5216413715570545,0.0,1.05,human
8.22108222353982e+17,4309.0,3383.0,0.43980759230369215,0.05,2.3,bot
2983905783.0,65.0,82.0,0.5578231292517006,0.05263157894736842,3.1578947368421053,bot
1.00046368494524e+18,121.0,134.0,0.5254901960784314,0.0,1.2,human
615539623.0,1203.0,1070.0,0.4707435107787066,0.3,0.75,human
8.27628152411263e+17,1839.0,726.0,0.2830409356725146,0.25,0.55,bot
9.22835518756475e+17,380.0,607.0,0.6149949341438703,0.7,0.55,human
442096443.0,1252.0,1985.0,0.6132221192462156,0.0,1.05,human
1886073978.0,2005.0,2815.0,0.5840248962655602,0.15,2.3,bot
840241477.0,758.0,917.0,0.5474626865671641,0.3,1.2,human
3223929605.0,396.0,236.0,0.37341772151898733,0.25,1.3,human
3031628369.0,4322.0,4451.0,0.5073521030434287,0.45,2.05,bot
2591240449.0,1891.0,353.0,0.1573083778966132,0.2777777777777778,2.888888888888889,bot
2918679371.0,134.0,175.0,0.5663430420711975,0.5,2.05,bot
548707617.0,249.0,291.0,0.5388888888888889,0.05,3.1,bot
2919471316.0,609.0,375.0,0.38109756097560976,0.2631578947368421,2.263157894736842,bot
945431358.0,2485.0,1131.0,0.3127765486725664,0.85,0.95,human
7.61487243353743e+17,405.0,393.0,0.4924812030075188,0.05,0.75,human
2984398203.0,885.0,233.0,0.20840787119856888,0.21052631578947367,2.3157894736842106,bot
276026459.0,2372.0,8893.0,0.7894363071460275,0.7,0.45,human
2181109997.0,189.0,93.0,0.32978723404255317,0.25,1.1,human
8.24224632467313e+17,352.0,264.0,0.42857142857142855,0.0,1.1666666666666667,bot
4548516682.0,194.0,201.0,0.5088607594936709,0.1875,2.875,bot
617000584.0,917.0,2577.0,0.7375500858614769,0.1,1.0,human
2617299705.0,98.0,236.0,0.7065868263473054,0.0,0.7647058823529411,human
2764705943.0,202.0,193.0,0.48860759493670886,0.0,1.0,bot
4149019083.0,827.0,181.0,0.17956349206349206,0.0,1.0,bot
1013753576.0,438.0,260.0,0.37249283667621774,0.0,1.0,human
3419845179.0,376.0,1685.0,0.8175642891800097,0.3157894736842105,1.0,bot
1.00442302602752e+18,628.0,329.0,0.3437826541274817,0.05,0.5,human
22009205.0,71.0,31.0,0.30392156862745096,0.2,1.3,human
617171996.0,235.0,318.0,0.5750452079566004,0.1,1.35,human
2982584363.0,439.0,557.0,0.5592369477911646,0.05,1.6,bot
8.25717413689836e+17,496.0,581.0,0.5394614670380687,0.10526315789473684,2.1578947368421053,bot
4908982317.0,883.0,460.0,0.3425167535368578,0.2,0.8,human
2984381056.0,309.0,2929.0,0.9045707226683137,0.21052631578947367,2.0526315789473686,bot
2350026720.0,634.0,1038.0,0.6208133971291866,0.2,1.25,bot
2158759025.0,420.0,293.0,0.4109396914446003,0.15,2.15,bot
2983182773.0,1913.0,1848.0,0.49135868120180803,0.0,4.444444444444445,bot
201197015.0,777.0,2592.0,0.7693677649154052,0.0,3.3,bot
3346645053.0,119.0,44.0,0.26993865030674846,0.0,2.6315789473684212,bot
517747193.0,546.0,295.0,0.3507728894173603,0.0,1.3,human
32604352.0,636.0,335.0,0.345005149330587,0.0,0.0,bot
561948464.0,413.0,596.0,0.5906838453914767,0.15789473684210525,1.8421052631578947,bot
202588307.0,136.0,184.0,0.575,0.1,1.35,bot
162672772.0,68.0,1106.0,0.9420783645655877,0.05,1.25,bot
2864751126.0,223.0,198.0,0.47030878859857483,0.35,1.9,human
2240552686.0,117.0,1023.0,0.8973684210526316,0.05,1.3,human
1092509449.0,733.0,318.0,0.30256898192197906,0.16666666666666666,0.8888888888888888,human
50265477.0,1.0,190.0,0.9947643979057592,0.2,1.15,human
407609289.0,626.0,555.0,0.46994072819644367,0.0,1.05,human
4490976615.0,3819.0,2188.0,0.36424171799567173,0.05,2.55,human
8.31131341253124e+17,230.0,132.0,0.36464088397790057,0.4,2.3,bot
4580699608.0,50.0,170.0,0.7727272727272727,0.10526315789473684,1.4736842105263157,bot
20432064.0,510.0,225.0,0.30612244897959184,0.3,0.75,human
1718499800.0,579.0,548.0,0.4862466725820763,0.0,0.95,human
1379007452.0,138.0,184.0,0.5714285714285714,0.25,0.65,human
327894673.0,4611.0,20457.0,0.8160603159406414,0.05263157894736842,1.3157894736842106,bot
202361176.0,798.0,559.0,0.4119380987472365,0.3157894736842105,1.8421052631578947,bot
3002946545.0,234.0,236.0,0.502127659574468,0.0,2.0,bot
549375513.0,910.0,919.0,0.5024603608529251,0.2,1.2,bot
3017805851.0,182.0,214.0,0.5404040404040404,0.3,1.7,bot
1857099379.0,978.0,261.0,0.2106537530266344,0.1,1.25,human
4636530203.0,1.0,10.0,0.9090909090909091,0.058823529411764705,4.0588235294117645,bot
2949998247.0,112.0,2013.0,0.9472941176470588,0.15,2.65,bot
82659565.0,206.0,198.0,0.4900990099009901,0.5,1.3,bot
4549685356.0,678.0,800.0,0.5412719891745602,0.05555555555555555,3.611111111111111,bot
2853761597.0,1004.0,753.0,0.42857142857142855,0.0,2.1666666666666665,bot
337161893.0,2146.0,1054.0,0.329375,0.25,0.9,human
596665906.0,137.0,135.0,0.4963235294117647,0.0,1.65,human
2432948813.0,676.0,348.0,0.33984375,0.4,1.05,human
7.40647957092e+17,236.0,282.0,0.5444015444015444,0.05,1.4,bot
38846888.0,1447.0,301.0,0.17219679633867277,0.25,1.0,human
2921357452.0,830.0,5694.0,0.8727774371551196,0.25,1.8,bot
971721103.0,1250.0,187.0,0.1301322199025748,0.0,1.0,bot
2921287407.0,55.0,95.0,0.6333333333333333,0.35,1.5,bot
484162494.0,200.0,251.0,0.5565410199556541,0.1,1.2,bot
9.78899289861755e+17,2093.0,13518.0,0.86592787137275,0.15,1.1,human
455749051.0,606.0,591.0,0.49373433583959897,0.15789473684210525,0.631578947368421,human
2396162744.0,4120.0,8112.0,0.6631785480706344,0.2,1.55,human
2547012645.0,795.0,1884.0,0.7032474804031354,0.1,1.15,human
390778324.0,682.0,405.0,0.37258509659613614,0.25,0.9,human
3182660278.0,87.0,377.0,0.8125,0.05,2.05,bot
438646069.0,872.0,477.0,0.3535952557449963,0.2,1.05,human
2153829339.0,143.0,106.0,0.42570281124497994,0.15,1.5,human
3098888799.0,1121.0,869.0,0.43668341708542713,0.1,1.25,human
360046793.0,129.0,183.0,0.5865384615384616,0.3888888888888889,1.5555555555555556,human
14871003.0,1276.0,710.0,0.35750251762336355,0.45,1.95,human
7.35822179783303e+17,678.0,372.0,0.35428571428571426,0.0,1.25,bot
449038596.0,535.0,334.0,0.38434982738780205,0.0,1.2,bot
2580731380.0,511.0,6476.0,0.9268641763274653,0.35,0.65,bot
4636335555.0,0.0,356.0,1.0,0.0,5.055555555555555,bot
1153738128.0,1.0,2706.0,0.9996305873660879,0.10526315789473684,1.1578947368421053,bot
506048809.0,1437.0,5173.0,0.7826021180030257,0.14285714285714285,0.9285714285714286,human
2919964222.0,1386.0,2725.0,0.6628557528581853,0.05,2.8,bot
4189019849.0,158.0,562.0,0.7805555555555556,0.25,1.4,human
3315099276.0,2025.0,179.0,0.08121597096188747,0.0,1.15,bot
8.23274532035265e+17,770.0,362.0,0.3197879858657244,0.1,1.3,human
4874146875.0,83.0,163.0,0.6626016260162602,0.06666666666666667,4.0,bot
2862202113.0,181.0,271.0,0.5995575221238938,0.2,0.6,human
8.22202598526624e+17,75.0,148.0,0.6636771300448431,0.65,1.05,human
4445949435.0,414.0,305.0,0.4242002781641168,0.1,0.15,human
9.92839373405094e+17,491.0,2022.0,0.8046159968165539,0.3,0.7,bot
4030954341.0,3604.0,10371.0,0.7421109123434705,0.0,0.95,human
1.01208578604345e+18,5231.0,5295.0,0.5030400912027361,0.3333333333333333,1.0555555555555556,human
148803815.0,307.0,95.0,0.236318407960199,0.25,0.9,human
477014834.0,2818.0,687.0,0.19600570613409415,0.1,0.75,human
7.85477139235742e+17,0.0,66.0,1.0,0.0,1.0,human
3072516610.0,2260.0,1863.0,0.4518554450642736,0.25,1.3,human
2984643466.0,1892.0,1955.0,0.5081881985963088,0.15,1.65,bot
340600489.0,237.0,128.0,0.3506849315068493,0.0,1.05,human
393483438.0,1162.0,368.0,0.24052287581699347,0.25,1.0,bot
2455009450.0,1372.0,2592.0,0.6538849646821393,0.05,1.1,bot
2870733197.0,418.0,556.0,0.5708418891170431,0.0,0.9,human
822200874.0,392.0,465.0,0.5425904317386231,0.1,1.1,human
2983016661.0,209.0,67.0,0.2427536231884058,0.15,1.75,bot
9.8918867445264e+17,0.0,355.0,1.0,0.10526315789473684,0.8421052631578947,human
895869750.0,2708.0,557.0,0.17059724349157734,0.0,0.8,human
8.25397260032811e+17,462.0,126.0,0.21428571428571427,0.2,1.8,bot
9.49059133893853e+17,821.0,454.0,0.356078431372549,0.05,1.05,bot
8.2502857976739e+17,1577.0,994.0,0.3866199922209257,0.10526315789473684,1.4736842105263157,bot
9.99977095106367e+17,186.0,139.0,0.4276923076923077,0.05263157894736842,0.7368421052631579,human
559917335.0,162.0,120.0,0.425531914893617,0.1,1.2,bot
4549605137.0,795.0,398.0,0.3336127409891031,0.25,1.8,human
7.71685684738482e+17,72.0,187.0,0.722007722007722,0.5,1.2,human
442144847.0,0.0,7.0,1.0,0.05,1.2,human
8.01152682702623e+17,214.0,189.0,0.46898263027295284,0.15,1.35,human
1048754004.0,2710.0,1467.0,0.3512090016758439,0.45,1.5,bot
2781237202.0,265.0,268.0,0.5028142589118199,0.45,1.0,human
2921277910.0,12.0,1.0,0.07692307692307693,0.15,1.85,bot
2982498327.0,1449.0,471.0,0.2453125,0.10526315789473684,2.526315789473684,bot
8.31961066313773e+17,13119.0,12131.0,0.4804356435643564,0.05555555555555555,2.888888888888889,bot
8.91652563795181e+17,1078.0,750.0,0.4102844638949672,0.058823529411764705,1.3529411764705883,human
70741097.0,109.0,169.0,0.6079136690647482,0.05,1.45,human
2929725533.0,189.0,136.0,0.41846153846153844,0.11764705882352941,2.235294117647059,bot
3042097091.0,70.0,35.0,0.3333333333333333,0.05,3.0,bot
2950152521.0,428.0,1233.0,0.7423239012642986,0.0,3.3,bot
2771208186.0,202.0,91.0,0.310580204778157,0.1,2.65,bot
9.74977485183037e+17,154.0,177.0,0.5347432024169184,0.0,2.95,bot
8.31859384695288e+17,302.0,308.0,0.5049180327868853,0.25,1.55,bot
8.08773963023286e+17,148.0,238.0,0.616580310880829,0.25,0.3,bot
1481404124.0,835.0,686.0,0.4510190664036818,0.15,1.0,human
3030965421.0,5126.0,8005.0,0.6096260756987282,0.0,2.8,bot
1216009520.0,265.0,158.0,0.3735224586288416,0.15,1.5,human
271012954.0,34.0,19.0,0.3584905660377358,0.05,1.05,human
233223130.0,68.0,87.0,0.5612903225806452,0.75,1.5,bot
562092002.0,115.0,62.0,0.3502824858757062,0.15,2.35,bot
962445055.0,979.0,523.0,0.34820239680426096,0.2,1.15,bot
2951460352.0,1257.0,747.0,0.3727544910179641,0.0,5.2105263157894735,bot
1.00971923861615e+18,276.0,529.0,0.6571428571428571,0.0,3.05,bot
265347584.0,511.0,228.0,0.3085250338294993,0.05,0.75,human
561474634.0,552.0,97.0,0.14946070878274267,0.3,2.0,bot
344159343.0,0.0,704.0,1.0,0.15,1.2,human
357063589.0,219.0,98.0,0.30914826498422715,0.25,1.5,human
2949963189.0,94.0,166.0,0.6384615384615384,0.1,2.35,bot
8.25987115662066e+17,849.0,387.0,0.3131067961165049,0.35,3.2,bot
989081978.0,489.0,189.0,0.27876106194690264,0.15,1.5,bot
3028624132.0,75.0,56.0,0.42748091603053434,0.0,2.95,bot
2982479962.0,648.0,599.0,0.48035284683239776,0.25,2.05,bot
2982464944.0,840.0,461.0,0.3543428132205995,0.3,1.9,bot
262893816.0,1062.0,493.0,0.3170418006430868,0.25,3.3,human
2998582175.0,979.0,528.0,0.35036496350364965,0.25,2.0,bot
7.81179765843751e+17,66.0,110.0,0.625,0.058823529411764705,1.0588235294117647,human
2982573165.0,157.0,39.0,0.1989795918367347,0.3,2.1,bot
2365823596.0,198.0,164.0,0.4530386740331492,0.3,1.2,human
2806416940.0,69.0,71.0,0.5071428571428571,0.45,1.3,bot
280175586.0,808.0,688.0,0.45989304812834225,0.4,1.4,human
96738439.0,603.0,303.0,0.3344370860927152,0.25,2.05,human
2267806358.0,1739.0,2088.0,0.5455970734256598,0.15,1.05,human
3337054126.0,224.0,93.0,0.29337539432176657,0.1,0.85,human
8.25410712281502e+17,1806.0,1239.0,0.4068965517241379,0.15789473684210525,2.263157894736842,bot
3873877475.0,459.0,634.0,0.5800548947849954,0.1,4.55,human
422025735.0,67.0,88.0,0.567741935483871,0.1,1.0,human
500980523.0,0.0,261.0,1.0,0.15,1.35,human
17880873.0,104.0,24.0,0.1875,0.1,0.8,human
8.31862062833877e+17,438.0,476.0,0.5207877461706784,0.15,1.3,bot
7.26755736236253e+17,7.0,152.0,0.9559748427672956,0.10526315789473684,1.2105263157894737,human
1028654280.0,393.0,344.0,0.46675712347354137,0.0,1.0,human
9.61661021017518e+17,931.0,12933.0,0.9328476630121177,0.2,1.8,bot
3022357312.0,480.0,338.0,0.4132029339853301,0.2631578947368421,2.0526315789473686,bot
8.16242626332598e+17,562.0,330.0,0.36995515695067266,0.2631578947368421,2.1052631578947367,bot
1226915408.0,299.0,276.0,0.48,0.10526315789473684,3.526315789473684,bot
2754471474.0,510.0,279.0,0.35361216730038025,0.1,2.2,bot
8.32998854828114e+17,206.0,195.0,0.486284289276808,0.1,1.4,bot
8.25979861659443e+17,208.0,203.0,0.49391727493917276,0.35,2.25,bot
601660948.0,641.0,767.0,0.5447443181818182,0.15,1.75,human
2950711839.0,751.0,373.0,0.3318505338078292,0.0,3.1,bot
2919407973.0,120.0,53.0,0.3063583815028902,0.21052631578947367,2.1578947368421053,bot
1086915288.0,46.0,150.0,0.7653061224489796,0.3,1.55,bot
526391347.0,419.0,569.0,0.5759109311740891,0.0,3.5,bot
8.25460743445287e+17,25.0,103.0,0.8046875,0.1,2.0,bot
2452764372.0,2129.0,14883.0,0.8748530449094757,0.2,1.0,human
606575726.0,3755.0,17164.0,0.8204981117644247,0.05,1.25,human
9.79754063935e+17,3423.0,12475.0,0.78468989810039,0.10526315789473684,1.8421052631578947,human
4798069173.0,256.0,1390.0,0.8444714459295262,0.1,2.75,bot
7.96687702141846e+17,134.0,123.0,0.4785992217898833,0.3,0.95,bot
8.25718832484475e+17,47.0,21.0,0.3088235294117647,0.10526315789473684,2.1052631578947367,bot
7.84803897483358e+17,464.0,146.0,0.23934426229508196,0.0,2.8,bot
2984510759.0,733.0,374.0,0.33785004516711836,0.0,2.5,bot
160179878.0,718.0,447.0,0.38369098712446353,0.1,1.15,human
3020402578.0,251.0,188.0,0.428246013667426,0.15,3.3,bot
242327193.0,156.0,131.0,0.4564459930313589,0.35,1.2,human
431089246.0,275.0,105.0,0.27631578947368424,0.1,1.35,human
2336493886.0,66.0,34.0,0.34,0.25,2.6,human
1428293736.0,278.0,218.0,0.43951612903225806,0.2,1.4,human
4046597542.0,139.0,40.0,0.22346368715083798,0.0,0.15,human
3245545312.0,721.0,405.0,0.35968028419182946,0.05,4.25,bot
1.01193692412533e+18,507.0,366.0,0.41924398625429554,0.11764705882352941,1.0588235294117647,bot
460216069.0,455.0,233.0,0.3386627906976744,0.1,1.05,human
7.27469564901077e+17,555.0,384.0,0.40894568690095845,0.05263157894736842,1.105263157894737,bot
3021446434.0,341.0,1195.0,0.7779947916666666,0.0,2.95,bot
4358227817.0,851.0,407.0,0.3235294117647059,0.05263157894736842,1.105263157894737,bot
2920280901.0,771.0,435.0,0.36069651741293535,0.25,2.05,bot
1446141966.0,11.0,58.0,0.8405797101449275,0.1,1.05,human
2306559009.0,422.0,525.0,0.5543822597676874,1.0,0.2,human
633548507.0,755.0,338.0,0.3092406221408966,0.0,3.4444444444444446,bot
2732253563.0,370.0,177.0,0.3235831809872029,0.05,0.85,human
205354640.0,452.0,48.0,0.096,0.1,0.85,human
2983904932.0,157.0,106.0,0.40304182509505704,0.0,2.3157894736842106,bot
2982567281.0,812.0,414.0,0.3376835236541599,0.21052631578947367,1.368421052631579,bot
3042187528.0,194.0,360.0,0.6498194945848376,0.4,1.65,bot
3228649563.0,340.0,212.0,0.38405797101449274,0.0,0.9444444444444444,human
4782660614.0,164.0,154.0,0.48427672955974843,0.35,0.85,human
438476133.0,189.0,240.0,0.5594405594405595,0.05,1.15,human
363938347.0,2465.0,487.0,0.16497289972899729,0.45,1.9,human
2951285517.0,202.0,269.0,0.5711252653927813,0.15,1.15,bot
1.00510389855676e+18,1541.0,1568.0,0.5043422322290125,0.15,1.0,human
7.04993843293331e+17,2956.0,2706.0,0.47792299540798305,0.15,1.4,bot
9.65638639345656e+17,761.0,877.0,0.5354090354090354,0.3,3.0,human
3027927352.0,489.0,614.0,0.556663644605621,0.2,2.9,bot
2984400682.0,4964.0,1826.0,0.26892488954344623,0.2,1.6,bot
422699535.0,530.0,305.0,0.3652694610778443,0.85,0.8,bot
9.23484261885374e+17,89.0,25.0,0.21929824561403508,0.05555555555555555,0.8333333333333334,human
8.32346968101888e+17,1413.0,592.0,0.29526184538653366,0.05555555555555555,3.7222222222222223,bot
363954532.0,182.0,86.0,0.3208955223880597,0.7,0.3,human
3173307514.0,567.0,310.0,0.35347776510832385,0.05263157894736842,0.9473684210526315,human
251194177.0,121.0,30.0,0.1986754966887417,0.0,1.0,bot
1056095060.0,179.0,274.0,0.6048565121412803,0.0,1.0,human
1.00042487419469e+18,1401.0,4809.0,0.7743961352657005,0.15,1.35,human
1034383638.0,279.0,303.0,0.520618556701031,0.15,1.05,human
470253363.0,1603.0,820.0,0.3384234420140322,0.25,1.7,bot
9.08709155137032e+17,561.0,446.0,0.4428997020854022,0.05,1.1,human
8.750051291032e+17,1461.0,1077.0,0.4243498817966903,0.15,1.0,human
